id,type,text1,text2,text3,notes
paraqueeght_ship,SHIP,"The Paraqueeght is a result of the continuous arms race between the sector factions, merging several capital ship designs into one massive vessel, capable of projecting considerable firepower on the battlefield.  

Unfortunately, most of the fuel and cargo storage needed to be removed to make room for the many weapon support systems and a the significant crew allotment needed to run the complex behemoth.  Its large size also led to drive field instability, limiting its maximum speed in hyperspace.  

A copy of the Onslaught's thermal pulse cannons are mounted to the front of the ship, along with a set of experimental antimatter missiles.  ",,,